"Id","UserId","SubscriptionTierId","StartDate","EndDate","IsActive","AutoRenew","PaymentMethod","PaymentReference","PaidAmount","Currency","LastPaymentDate","NextPaymentDate","CurrentDailyUsage","CurrentMonthlyUsage","LastUsageResetDate","MonthlyUsageResetDate","Status","CancellationReason","CancellationDate","IsTrialSubscription","TrialEndDate","CreatedDate","UpdatedDate","CreatedUserId","UpdatedUserId","IsSponsoredSubscription","SponsorId","SponsorshipCodeId","SponsorshipNotes","ReferralCredits","QueueStatus","QueuedDate","ActivatedDate","PreviousSponsorshipId","PaymentTransactionId"
83,93,5,2025-09-11 10:44:05.217 +0300,2025-10-11 10:44:05.217 +0300,false,false,Trial,,0.00,TRY,,,0,0,2025-09-11 10:44:05.217 +0300,2025-09-11 10:44:05.217 +0300,Expired,,,true,2025-10-11 10:44:05.217 +0300,2025-09-11 10:44:05.217 +0300,2025-10-15 21:54:03.624 +0300,93,,false,,,,0,2,,,,
84,94,5,2025-09-11 10:45:17.078 +0300,2025-10-11 10:45:17.078 +0300,false,false,Trial,,0.00,TRY,,,0,0,2025-09-11 10:45:17.078 +0300,2025-09-11 10:45:17.078 +0300,Expired,,,true,2025-10-11 10:45:17.078 +0300,2025-09-11 10:45:17.078 +0300,2025-10-15 21:54:03.624 +0300,94,,false,,,,0,2,,,,
85,95,5,2025-09-11 10:45:33.110 +0300,2025-10-11 10:45:33.110 +0300,false,false,Trial,,0.00,TRY,,,0,0,2025-09-11 10:45:33.110 +0300,2025-09-11 10:45:33.110 +0300,Upgraded,,,true,2025-10-11 10:45:33.110 +0300,2025-09-11 10:45:33.110 +0300,2025-09-11 10:46:12.680 +0300,95,,false,,,,0,1,,,,
86,95,3,2025-09-11 10:46:12.756 +0300,2025-10-11 10:46:12.756 +0300,false,false,Sponsorship,AGRI-2025-2790D37C,0.00,TRY,,,6,6,,2025-09-01 03:00:00.000 +0300,Expired,,,false,,2025-09-11 10:46:12.756 +0300,2025-10-15 21:54:03.624 +0300,,,true,93,362,Redeemed code: AGRI-2025-2790D37C,0,2,,2025-09-11 10:46:12.756,,
87,104,5,2025-09-14 11:32:14.178 +0300,2025-10-14 11:32:14.178 +0300,false,false,Trial,,0.00,TRY,,,1,1,2025-09-15 14:44:32.616 +0300,2025-09-14 11:32:14.178 +0300,Expired,,,true,2025-10-14 11:32:14.178 +0300,2025-09-14 11:32:14.178 +0300,2025-10-15 21:54:03.624 +0300,104,,false,,,,0,2,,,,
88,105,5,2025-09-14 11:37:33.480 +0300,2025-10-14 11:37:33.480 +0300,false,false,Trial,,0.00,TRY,,,0,0,2025-09-14 11:37:33.480 +0300,2025-09-14 11:37:33.480 +0300,Expired,,,true,2025-10-14 11:37:33.480 +0300,2025-09-14 11:37:33.480 +0300,2025-10-15 21:54:03.624 +0300,105,,false,,,,0,2,,,,
89,106,5,2025-09-14 11:41:02.899 +0300,2025-10-14 11:41:02.899 +0300,false,false,Trial,,0.00,TRY,,,0,0,2025-09-14 11:41:02.899 +0300,2025-09-14 11:41:02.899 +0300,Expired,,,true,2025-10-14 11:41:02.899 +0300,2025-09-14 11:41:02.899 +0300,2025-10-15 21:54:03.624 +0300,106,,false,,,,0,2,,,,
90,107,5,2025-09-14 11:50:56.087 +0300,2025-10-14 11:50:56.087 +0300,false,false,Trial,,0.00,TRY,,,0,0,2025-09-14 11:50:56.087 +0300,2025-09-14 11:50:56.087 +0300,Expired,,,true,2025-10-14 11:50:56.087 +0300,2025-09-14 11:50:56.087 +0300,2025-10-15 21:54:03.624 +0300,107,,false,,,,0,2,,,,
91,108,5,2025-09-14 11:53:56.134 +0300,2025-10-14 11:53:56.134 +0300,false,false,Trial,,0.00,TRY,,,0,0,2025-09-14 11:53:56.134 +0300,2025-09-14 11:53:56.134 +0300,Expired,,,true,2025-10-14 11:53:56.134 +0300,2025-09-14 11:53:56.134 +0300,2025-10-15 21:54:03.624 +0300,108,,false,,,,0,2,,,,
92,109,5,2025-09-14 12:02:19.579 +0300,2025-10-14 12:02:19.579 +0300,false,false,Trial,,0.00,TRY,,,0,0,2025-09-14 12:02:19.579 +0300,2025-09-14 12:02:19.579 +0300,Expired,,,true,2025-10-14 12:02:19.579 +0300,2025-09-14 12:02:19.579 +0300,2025-10-15 21:54:03.624 +0300,109,,false,,,,0,2,,,,
93,110,5,2025-09-14 20:13:04.958 +0300,2025-10-14 20:13:04.958 +0300,false,false,Trial,,0.00,TRY,,,0,0,2025-09-14 20:13:04.958 +0300,2025-09-14 20:13:04.958 +0300,Expired,,,true,2025-10-14 20:13:04.958 +0300,2025-09-14 20:13:04.958 +0300,2025-10-15 21:54:03.624 +0300,110,,false,,,,0,2,,,,
94,111,5,2025-09-14 20:21:54.457 +0300,2025-10-14 20:21:54.457 +0300,false,false,Trial,,0.00,TRY,,,0,0,2025-09-14 20:21:54.457 +0300,2025-09-14 20:21:54.457 +0300,Expired,,,true,2025-10-14 20:21:54.457 +0300,2025-09-14 20:21:54.457 +0300,2025-10-15 21:54:03.624 +0300,111,,false,,,,0,2,,,,
95,112,5,2025-09-15 16:18:55.387 +0300,2025-10-15 16:18:55.387 +0300,false,false,Trial,,0.00,TRY,,,1,2,2025-09-16 06:46:26.915 +0300,2025-09-15 16:18:55.387 +0300,Upgraded,Upgraded to paid subscription,2025-09-16 19:25:01.323 +0300,true,2025-10-15 16:18:55.387 +0300,2025-09-15 16:18:55.387 +0300,2025-09-16 19:25:01.323 +0300,112,112,false,,,,0,1,,,,
96,112,1,2025-09-16 19:25:01.331 +0300,2025-10-16 19:25:01.331 +0300,false,true,CreditCard,TRX1758039901768,119.99,TRY,2025-09-16 19:25:01.331 +0300,2025-10-16 19:25:01.331 +0300,0,16,2025-09-28 12:39:48.394 +0300,2025-09-16 19:25:01.331 +0300,Expired,,,false,,2025-09-16 19:25:01.331 +0300,2025-10-17 11:12:11.293 +0300,112,,false,,,,0,2,,,,
97,113,5,2025-09-25 14:39:08.770 +0300,2025-10-25 14:39:08.770 +0300,false,false,Trial,,0.00,TRY,,,0,0,2025-09-25 14:39:08.770 +0300,2025-09-25 14:39:08.770 +0300,Upgraded,Upgraded to paid subscription,2025-09-25 14:39:32.375 +0300,true,2025-10-25 14:39:08.770 +0300,2025-09-25 14:39:08.770 +0300,2025-09-25 14:39:32.375 +0300,113,113,false,,,,0,1,,,,
98,113,4,2025-09-25 14:39:32.383 +0300,2025-10-25 14:39:32.383 +0300,false,true,CreditCard,txn_123456,299.99,TRY,2025-09-25 14:39:32.383 +0300,2025-10-25 14:39:32.383 +0300,6,6,2025-09-25 14:39:32.383 +0300,2025-09-25 14:39:32.383 +0300,Expired,,,false,,2025-09-25 14:39:32.383 +0300,2025-10-26 20:34:13.458 +0300,113,,false,,,,0,2,,,,
99,114,5,2025-09-27 16:24:54.448 +0300,2025-10-27 16:24:54.448 +0300,false,false,Trial,,0.00,TRY,,,1,2,2025-09-28 12:40:30.623 +0300,2025-09-27 16:24:54.448 +0300,Upgraded,Upgraded to paid subscription,2025-09-28 14:34:42.686 +0300,true,2025-10-27 16:24:54.448 +0300,2025-09-27 16:24:54.448 +0300,2025-09-28 14:34:42.686 +0300,114,114,false,,,,0,1,,,,
100,114,4,2025-09-28 14:34:42.695 +0300,2025-10-28 14:34:42.695 +0300,false,true,CreditCard,txn_123456,299.99,TRY,2025-09-28 14:34:42.695 +0300,2025-10-28 14:34:42.695 +0300,18,18,2025-10-01 09:24:40.063 +0300,2025-10-01 03:00:00.000 +0300,Expired,,,false,,2025-09-28 14:34:42.695 +0300,2025-11-01 15:00:25.952 +0300,114,,false,,,,0,2,,,,
101,115,5,2025-10-02 11:34:33.590 +0300,2025-11-01 11:34:33.590 +0300,false,false,Trial,,0.00,TRY,,,0,0,2025-10-02 11:34:33.590 +0300,2025-10-02 11:34:33.590 +0300,Expired,,,true,2025-11-01 11:34:33.590 +0300,2025-10-02 11:34:33.590 +0300,2025-11-01 15:00:25.952 +0300,115,,false,,,,0,2,,,,
102,116,5,2025-10-03 12:40:57.558 +0300,2025-11-02 12:40:57.558 +0300,false,false,Trial,,0.00,TRY,,,0,0,2025-10-15 21:39:35.302 +0300,2025-10-03 12:40:57.558 +0300,Expired,,,true,2025-11-02 12:40:57.558 +0300,2025-10-03 12:40:57.558 +0300,2025-11-16 15:58:30.473 +0300,116,,false,,,,0,2,,,,
103,117,5,2025-10-03 14:36:45.327 +0300,2025-11-02 14:36:45.327 +0300,false,false,Trial,,0.00,TRY,,,1,1,2025-10-03 14:36:45.327 +0300,2025-10-03 14:36:45.327 +0300,Expired,,,true,2025-11-02 14:36:45.327 +0300,2025-10-03 14:36:45.327 +0300,2025-11-16 15:58:30.473 +0300,117,,false,,,,0,2,,,,
104,119,5,2025-10-03 15:35:51.802 +0300,2025-11-02 15:35:51.802 +0300,false,false,Trial,,0.00,TRY,,,0,0,2025-10-03 15:35:51.802 +0300,2025-10-03 15:35:51.802 +0300,Expired,,,true,2025-11-02 15:35:51.802 +0300,2025-10-03 15:35:51.802 +0300,2025-11-16 15:58:30.473 +0300,119,,false,,,,0,2,,,,
105,122,5,2025-10-04 13:04:37.201 +0300,2025-11-03 13:04:37.201 +0300,false,false,Trial,,0.00,TRY,,,0,0,2025-10-04 13:04:37.201 +0300,2025-10-04 13:04:37.201 +0300,Expired,,,true,2025-11-03 13:04:37.201 +0300,2025-10-04 13:04:37.201 +0300,2025-11-16 15:58:30.473 +0300,122,,false,,,,0,2,,,,
106,124,5,2025-10-04 14:04:17.603 +0300,2025-11-03 14:04:17.603 +0300,false,false,Trial,,0.00,TRY,,,0,0,2025-10-04 14:04:17.603 +0300,2025-10-04 14:04:17.603 +0300,Expired,,,true,2025-11-03 14:04:17.603 +0300,2025-10-04 14:04:17.603 +0300,2025-11-16 15:58:30.473 +0300,124,,false,,,,0,2,,,,
107,125,5,2025-10-04 14:12:11.439 +0300,2025-11-03 14:12:11.439 +0300,false,false,Trial,,0.00,TRY,,,0,1,2025-10-15 20:22:22.186 +0300,2025-10-04 14:12:11.439 +0300,Expired,,,true,2025-11-03 14:12:11.439 +0300,2025-10-04 14:12:11.439 +0300,2025-11-16 15:58:30.473 +0300,125,,false,,,,0,2,,,,
108,126,5,2025-10-04 14:54:05.432 +0300,2025-11-03 14:54:05.432 +0300,false,false,Trial,,0.00,TRY,,,0,0,2025-10-04 14:54:05.432 +0300,2025-10-04 14:54:05.432 +0300,Expired,,,true,2025-11-03 14:54:05.432 +0300,2025-10-04 14:54:05.432 +0300,2025-11-16 15:58:30.473 +0300,126,,false,,,,0,2,,,,
109,127,5,2025-10-04 14:58:02.892 +0300,2025-11-03 14:58:02.892 +0300,false,false,Trial,,0.00,TRY,,,1,1,2025-10-04 14:58:02.892 +0300,2025-10-04 14:58:02.892 +0300,Expired,,,true,2025-11-03 14:58:02.892 +0300,2025-10-04 14:58:02.892 +0300,2025-11-16 15:58:30.473 +0300,127,,false,,,,20,2,,,,
110,128,5,2025-10-04 15:27:02.944 +0300,2025-11-03 15:27:02.944 +0300,false,false,Trial,,0.00,TRY,,,1,1,2025-10-04 15:27:02.944 +0300,2025-10-04 15:27:02.944 +0300,Expired,,,true,2025-11-03 15:27:02.944 +0300,2025-10-04 15:27:02.944 +0300,2025-11-16 15:58:30.473 +0300,128,,false,,,,0,2,,,,
111,129,5,2025-10-04 15:31:46.277 +0300,2025-11-03 15:31:46.277 +0300,false,false,Trial,,0.00,TRY,,,1,1,2025-10-04 15:31:46.277 +0300,2025-10-04 15:31:46.277 +0300,Expired,,,true,2025-11-03 15:31:46.277 +0300,2025-10-04 15:31:46.277 +0300,2025-11-16 15:58:30.473 +0300,129,,false,,,,0,2,,,,
112,130,5,2025-10-04 16:49:29.133 +0300,2025-11-03 16:49:29.133 +0300,false,false,Trial,,0.00,TRY,,,0,0,2025-10-05 11:59:17.113 +0300,2025-10-04 16:49:29.133 +0300,Expired,,,true,2025-11-03 16:49:29.133 +0300,2025-10-04 16:49:29.133 +0300,2025-11-16 15:58:30.473 +0300,130,,false,,,,18,2,,,,
113,131,5,2025-10-04 16:53:10.279 +0300,2025-10-08 11:56:45.162 +0300,false,false,Trial,,0.00,TRY,,,1,1,2025-10-04 16:53:10.279 +0300,2025-10-04 16:53:10.279 +0300,Upgraded,,,true,2025-11-03 16:53:10.279 +0300,2025-10-04 16:53:10.279 +0300,2025-10-08 11:56:45.162 +0300,131,,false,,,,0,2,,,,
114,132,5,2025-10-05 16:38:50.977 +0300,2025-11-04 16:38:50.977 +0300,false,false,Trial,,0.00,TRY,,,0,1,2025-10-15 21:38:45.523 +0300,2025-10-05 16:38:50.977 +0300,Expired,,,true,2025-11-04 16:38:50.977 +0300,2025-10-05 16:38:50.977 +0300,2025-11-16 15:58:30.473 +0300,132,,false,,,,0,2,,,,
115,133,5,2025-10-05 19:33:28.555 +0300,2025-11-04 19:33:28.555 +0300,false,false,Trial,,0.00,TRY,,,0,0,2025-10-05 19:33:28.555 +0300,2025-10-05 19:33:28.555 +0300,Expired,,,true,2025-11-04 19:33:28.555 +0300,2025-10-05 19:33:28.555 +0300,2025-11-16 15:58:30.473 +0300,133,,false,,,,0,2,,,,
116,134,5,2025-10-05 19:34:02.668 +0300,2025-11-04 19:34:02.668 +0300,false,false,Trial,,0.00,TRY,,,0,0,2025-10-05 19:34:02.668 +0300,2025-10-05 19:34:02.668 +0300,Expired,,,true,2025-11-04 19:34:02.668 +0300,2025-10-05 19:34:02.668 +0300,2025-11-16 15:58:30.473 +0300,134,,false,,,,0,2,,,,
117,135,5,2025-10-07 12:30:15.378 +0300,2025-11-06 12:30:15.378 +0300,false,false,Trial,,0.00,TRY,,,0,0,2025-10-07 12:30:15.378 +0300,2025-10-07 12:30:15.378 +0300,Expired,,,true,2025-11-06 12:30:15.378 +0300,2025-10-07 12:30:15.378 +0300,2025-11-16 15:58:30.473 +0300,135,,false,,,,0,2,,,,
118,136,5,2025-10-07 19:37:56.486 +0300,2025-11-06 19:37:56.486 +0300,false,false,Trial,,0.00,TRY,,,0,0,2025-10-07 19:37:56.486 +0300,2025-10-07 19:37:56.486 +0300,Expired,,,true,2025-11-06 19:37:56.486 +0300,2025-10-07 19:37:56.486 +0300,2025-11-16 15:58:30.473 +0300,136,,false,,,,0,2,,,,
119,137,5,2025-10-08 11:34:18.069 +0300,2025-11-07 11:34:18.069 +0300,false,false,Trial,,0.00,TRY,,,0,0,2025-10-08 11:34:18.069 +0300,2025-10-08 11:34:18.069 +0300,Expired,,,true,2025-11-07 11:34:18.069 +0300,2025-10-08 11:34:18.069 +0300,2025-11-16 15:58:30.473 +0300,137,,false,,,,0,2,,,,
120,131,2,2025-10-08 11:56:45.179 +0300,2025-10-08 11:37:35.087 +0300,false,false,Sponsorship,AGRI-2025-7400AB9B,0.00,TRY,,,1,1,,2025-10-01 03:00:00.000 +0300,Expired,,,false,,2025-10-08 11:56:45.179 +0300,2025-10-08 12:39:50.721 +0300,,,true,137,412,Redeemed code: AGRI-2025-7400AB9B,0,2,,2025-10-08 08:56:45.179,,
121,131,2,2025-10-08 12:39:50.957 +0300,2025-11-07 12:39:50.957 +0300,false,false,Sponsorship,AGRI-2025-38788BF2,0.00,TRY,,,1,1,,2025-10-01 03:00:00.000 +0300,Expired,,,false,,2025-10-08 11:58:13.214 +0300,2025-11-16 15:58:30.473 +0300,,,true,137,413,Queued - Redeemed code: AGRI-2025-38788BF2,0,2,2025-10-08 08:58:13.214,2025-10-08 09:39:50.957,,
122,131,2,0001-01-01 03:00:00.000 +0300,0001-01-01 03:00:00.000 +0300,false,false,Sponsorship,AGRI-2025-564439E0,0.00,TRY,,,0,0,,,Pending,,,false,,2025-10-08 11:58:33.726 +0300,,,,true,137,414,Queued - Redeemed code: AGRI-2025-564439E0,0,0,2025-10-08 08:58:33.726,,120,
123,138,5,2025-10-08 16:26:19.677 +0300,2025-11-07 16:26:19.677 +0300,false,false,Trial,,0.00,TRY,,,0,0,2025-10-08 16:26:19.677 +0300,2025-10-08 16:26:19.677 +0300,Expired,,,true,2025-11-07 16:26:19.677 +0300,2025-10-08 16:26:19.677 +0300,2025-11-16 15:58:30.473 +0300,138,,false,,,,0,2,,,,
124,139,5,2025-10-08 16:37:29.157 +0300,2025-11-07 16:37:29.157 +0300,false,false,Trial,,0.00,TRY,,,0,0,2025-10-08 16:37:29.157 +0300,2025-10-08 16:37:29.157 +0300,Expired,,,true,2025-11-07 16:37:29.157 +0300,2025-10-08 16:37:29.157 +0300,2025-11-16 15:58:30.473 +0300,139,,false,,,,0,2,,,,
125,140,5,2025-10-08 16:44:22.444 +0300,2025-11-07 16:44:22.444 +0300,false,false,Trial,,0.00,TRY,,,0,0,2025-10-08 16:44:22.444 +0300,2025-10-08 16:44:22.444 +0300,Expired,,,true,2025-11-07 16:44:22.444 +0300,2025-10-08 16:44:22.444 +0300,2025-11-16 15:58:30.473 +0300,140,,false,,,,0,2,,,,
126,141,5,2025-10-08 16:58:29.021 +0300,2025-11-07 16:58:29.021 +0300,false,false,Trial,,0.00,TRY,,,0,0,2025-10-08 16:58:29.021 +0300,2025-10-08 16:58:29.021 +0300,Expired,,,true,2025-11-07 16:58:29.021 +0300,2025-10-08 16:58:29.021 +0300,2025-11-16 15:58:30.473 +0300,141,,false,,,,0,2,,,,
127,142,5,2025-10-08 19:28:31.881 +0300,2025-11-07 19:28:31.881 +0300,false,false,Trial,,0.00,TRY,,,0,0,2025-10-08 19:28:31.881 +0300,2025-10-08 19:28:31.881 +0300,Expired,,,true,2025-11-07 19:28:31.881 +0300,2025-10-08 19:28:31.881 +0300,2025-11-16 15:58:30.473 +0300,142,,false,,,,0,2,,,,
128,143,5,2025-10-08 20:00:33.439 +0300,2025-11-07 20:00:33.439 +0300,false,false,Trial,,0.00,TRY,,,0,0,2025-10-08 20:00:33.439 +0300,2025-10-08 20:00:33.439 +0300,Expired,,,true,2025-11-07 20:00:33.439 +0300,2025-10-08 20:00:33.439 +0300,2025-11-16 15:58:30.473 +0300,143,,false,,,,0,2,,,,
129,144,5,2025-10-08 20:10:54.510 +0300,2025-11-07 20:10:54.510 +0300,false,false,Trial,,0.00,TRY,,,0,0,2025-10-08 20:10:54.510 +0300,2025-10-08 20:10:54.510 +0300,Expired,,,true,2025-11-07 20:10:54.510 +0300,2025-10-08 20:10:54.510 +0300,2025-11-16 15:58:30.473 +0300,144,,false,,,,0,2,,,,
130,145,5,2025-10-08 20:26:21.842 +0300,2025-11-07 20:26:21.842 +0300,false,false,Trial,,0.00,TRY,,,0,0,2025-10-08 20:26:21.842 +0300,2025-10-08 20:26:21.842 +0300,Expired,,,true,2025-11-07 20:26:21.842 +0300,2025-10-08 20:26:21.842 +0300,2025-11-16 15:58:30.473 +0300,145,,false,,,,0,2,,,,
131,146,5,2025-10-08 20:47:45.960 +0300,2025-11-07 20:47:45.960 +0300,false,false,Trial,,0.00,TRY,,,0,0,2025-10-08 20:47:45.960 +0300,2025-10-08 20:47:45.960 +0300,Expired,,,true,2025-11-07 20:47:45.960 +0300,2025-10-08 20:47:45.960 +0300,2025-11-16 15:58:30.473 +0300,146,,false,,,,0,2,,,,
132,147,5,2025-10-09 09:49:49.803 +0300,2025-11-08 09:49:49.803 +0300,false,false,Trial,,0.00,TRY,,,0,0,2025-10-09 09:49:49.803 +0300,2025-10-09 09:49:49.803 +0300,Expired,,,true,2025-11-08 09:49:49.803 +0300,2025-10-09 09:49:49.803 +0300,2025-11-16 15:58:30.473 +0300,147,,false,,,,0,2,,,,
133,148,5,2025-10-09 12:04:30.059 +0300,2025-11-08 12:04:30.059 +0300,false,false,Trial,,0.00,TRY,,,0,0,2025-10-09 12:04:30.059 +0300,2025-10-09 12:04:30.059 +0300,Expired,,,true,2025-11-08 12:04:30.059 +0300,2025-10-09 12:04:30.059 +0300,2025-11-16 15:58:30.473 +0300,148,,false,,,,0,2,,,,
134,149,5,2025-10-09 15:45:11.763 +0300,2025-11-08 15:45:11.763 +0300,false,false,Trial,,0.00,TRY,,,0,0,2025-10-09 15:45:11.763 +0300,2025-10-09 15:45:11.763 +0300,Expired,,,true,2025-11-08 15:45:11.763 +0300,2025-10-09 15:45:11.763 +0300,2025-11-16 15:58:30.473 +0300,149,,false,,,,0,2,,,,
135,150,5,2025-10-09 15:57:28.307 +0300,2025-11-08 15:57:28.307 +0300,false,false,Trial,,0.00,TRY,,,0,0,2025-10-09 15:57:28.307 +0300,2025-10-09 15:57:28.307 +0300,Expired,,,true,2025-11-08 15:57:28.307 +0300,2025-10-09 15:57:28.307 +0300,2025-11-16 15:58:30.473 +0300,150,,false,,,,0,2,,,,
136,151,5,2025-10-09 16:04:49.661 +0300,2025-11-08 16:04:49.661 +0300,false,false,Trial,,0.00,TRY,,,0,0,2025-10-09 16:04:49.661 +0300,2025-10-09 16:04:49.661 +0300,Expired,,,true,2025-11-08 16:04:49.661 +0300,2025-10-09 16:04:49.661 +0300,2025-11-16 15:58:30.473 +0300,151,,false,,,,0,2,,,,
137,152,5,2025-10-09 16:23:22.525 +0300,2025-11-08 16:23:22.525 +0300,false,false,Trial,,0.00,TRY,,,0,0,2025-10-09 16:23:22.525 +0300,2025-10-09 16:23:22.525 +0300,Expired,,,true,2025-11-08 16:23:22.525 +0300,2025-10-09 16:23:22.525 +0300,2025-11-16 15:58:30.473 +0300,152,,false,,,,0,2,,,,
138,153,5,2025-10-09 16:30:59.472 +0300,2025-11-08 16:30:59.472 +0300,false,false,Trial,,0.00,TRY,,,0,0,2025-10-09 16:30:59.472 +0300,2025-10-09 16:30:59.472 +0300,Expired,,,true,2025-11-08 16:30:59.472 +0300,2025-10-09 16:30:59.472 +0300,2025-11-16 15:58:30.473 +0300,153,,false,,,,0,2,,,,
139,154,5,2025-10-09 16:41:38.214 +0300,2025-11-08 16:41:38.214 +0300,false,false,Trial,,0.00,TRY,,,0,0,2025-10-09 16:41:38.214 +0300,2025-10-09 16:41:38.214 +0300,Expired,,,true,2025-11-08 16:41:38.214 +0300,2025-10-09 16:41:38.214 +0300,2025-11-16 15:58:30.473 +0300,154,,false,,,,0,2,,,,
140,155,5,2025-10-09 17:27:12.572 +0300,2025-11-08 17:27:12.572 +0300,false,false,Trial,,0.00,TRY,,,0,0,2025-10-10 09:43:23.844 +0300,2025-10-09 17:27:12.572 +0300,Expired,,,true,2025-11-08 17:27:12.572 +0300,2025-10-09 17:27:12.572 +0300,2025-11-16 15:58:30.473 +0300,155,,false,,,,0,2,,,,
141,156,5,2025-10-11 11:51:18.933 +0300,2025-11-10 11:51:18.933 +0300,false,false,Trial,,0.00,TRY,,,0,0,2025-10-16 10:16:48.956 +0300,2025-10-11 11:51:18.933 +0300,Expired,,,true,2025-11-10 11:51:18.933 +0300,2025-10-11 11:51:18.933 +0300,2025-11-16 15:58:30.473 +0300,156,,false,,,,0,2,,,,
142,157,5,2025-10-11 11:57:46.109 +0300,2025-11-10 11:57:46.109 +0300,false,false,Trial,,0.00,TRY,,,0,0,2025-10-14 13:14:21.811 +0300,2025-10-11 11:57:46.109 +0300,Expired,,,true,2025-11-10 11:57:46.109 +0300,2025-10-11 11:57:46.109 +0300,2025-11-16 15:58:30.473 +0300,157,,false,,,,0,2,,,,
143,158,5,2025-10-11 12:00:42.685 +0300,2025-11-10 12:00:42.685 +0300,false,false,Trial,,0.00,TRY,,,0,0,2025-11-09 11:18:05.136 +0300,2025-11-01 03:00:00.000 +0300,Expired,,,true,2025-11-10 12:00:42.685 +0300,2025-10-11 12:00:42.685 +0300,2025-11-16 15:58:30.473 +0300,158,,false,,,,0,2,,,,
144,159,5,2025-10-11 12:13:14.720 +0300,2025-11-10 12:13:14.720 +0300,false,false,Trial,,0.00,TRY,,,0,0,2025-11-09 11:42:20.739 +0300,2025-11-01 03:00:00.000 +0300,Expired,,,true,2025-11-10 12:13:14.720 +0300,2025-10-11 12:13:14.720 +0300,2025-11-16 15:58:30.473 +0300,159,,false,,,,0,2,,,,
145,160,5,2025-10-14 13:33:05.123 +0300,2025-10-14 14:26:56.092 +0300,false,false,Trial,,0.00,TRY,,,0,0,2025-10-14 13:33:05.123 +0300,2025-10-14 13:33:05.123 +0300,Upgraded,,,true,2025-11-13 13:33:05.123 +0300,2025-10-14 13:33:05.123 +0300,2025-10-14 14:26:56.092 +0300,160,,false,,,,0,2,,,,
146,160,3,2025-10-14 14:26:56.112 +0300,2025-11-13 14:26:56.112 +0300,false,false,Sponsorship,AGRI-2025-52834B45,0.00,TRY,,,0,0,,2025-10-01 03:00:00.000 +0300,Expired,,,false,,2025-10-14 14:26:56.112 +0300,2025-11-16 15:58:30.473 +0300,,,true,159,981,Redeemed code: AGRI-2025-52834B45,0,2,,2025-10-14 11:26:56.112,,
147,161,3,2025-10-14 21:20:31.240 +0300,2025-11-13 21:20:31.240 +0300,false,false,Sponsorship,SPONSOR-AGRI-2025-3852DE2A,0.00,TRY,,,0,0,2025-10-14 21:20:31.240 +0300,2025-10-14 21:20:31.240 +0300,Expired,,,false,,2025-10-14 21:20:31.240 +0300,2025-11-16 15:58:30.473 +0300,161,,false,,,,0,2,,,,
148,162,3,2025-10-14 21:34:01.384 +0300,2025-11-13 21:34:01.384 +0300,false,false,Sponsorship,SPONSOR-AGRI-2025-59331F3F,0.00,TRY,,,0,0,2025-10-14 21:34:01.384 +0300,2025-10-14 21:34:01.384 +0300,Expired,,,false,,2025-10-14 21:34:01.384 +0300,2025-11-16 15:58:30.473 +0300,162,,false,,,,0,2,,,,
149,163,3,2025-10-14 21:44:05.077 +0300,2025-11-13 21:44:05.077 +0300,false,false,Sponsorship,SPONSOR-AGRI-2025-203255E2,0.00,TRY,,,0,0,2025-10-14 21:44:05.077 +0300,2025-10-14 21:44:05.077 +0300,Expired,,,false,,2025-10-14 21:44:05.077 +0300,2025-11-16 15:58:30.473 +0300,163,,false,,,,0,2,,,,
150,160,3,2025-11-16 15:58:30.532 +0300,2025-12-16 15:58:30.532 +0300,true,false,Sponsorship,AGRI-2025-71305D2D,0.00,TRY,,,0,0,,,Active,,,false,,2025-10-14 22:32:52.926 +0300,2025-11-16 15:58:30.532 +0300,,,true,159,977,Queued - Redeemed code: AGRI-2025-71305D2D,0,1,2025-10-14 19:32:52.926,2025-11-16 12:58:30.532,,
151,164,5,2025-10-14 22:35:12.141 +0300,2025-10-15 20:03:47.029 +0300,false,false,Trial,,0.00,TRY,,,0,0,2025-10-15 20:01:27.891 +0300,2025-10-14 22:35:12.141 +0300,Upgraded,,,true,2025-11-13 22:35:12.141 +0300,2025-10-14 22:35:12.141 +0300,2025-10-15 20:03:47.029 +0300,164,,false,,,,0,2,,,,
152,164,3,2025-10-15 20:03:47.056 +0300,2025-11-14 20:03:47.056 +0300,false,false,Sponsorship,AGRI-2025-7328A42B,0.00,TRY,,,0,0,,,Expired,,,false,,2025-10-15 20:03:47.056 +0300,2025-11-16 15:58:30.473 +0300,,,true,159,976,Redeemed code: AGRI-2025-7328A42B,0,2,,2025-10-15 17:03:47.056,,
153,165,5,2025-10-15 20:43:33.752 +0300,2025-10-15 20:43:37.821 +0300,false,false,Trial,,0.00,TRY,,,0,0,2025-10-15 20:43:33.752 +0300,2025-10-15 20:43:33.752 +0300,Upgraded,,,true,2025-11-14 20:43:33.752 +0300,2025-10-15 20:43:33.752 +0300,2025-10-15 20:43:37.821 +0300,165,,false,,,,0,2,,,,
154,165,3,2025-10-15 20:43:37.828 +0300,2025-11-14 20:43:37.828 +0300,false,false,Sponsorship,AGRI-2025-90279B21,0.00,TRY,,,13,0,,2025-11-01 03:00:00.000 +0300,Expired,,,false,,2025-10-15 20:43:37.828 +0300,2025-11-16 15:58:30.473 +0300,,,true,159,975,Redeemed code: AGRI-2025-90279B21,0,2,,2025-10-15 17:43:37.828,,
155,165,3,2025-11-16 15:58:30.544 +0300,2025-12-16 15:58:30.544 +0300,true,false,Sponsorship,AGRI-2025-9202EC65,0.00,TRY,,,0,0,,2025-11-01 03:00:00.000 +0300,Active,,,false,,2025-10-15 21:04:06.539 +0300,2025-11-19 15:01:53.679 +0300,,,true,159,974,Queued - Redeemed code: AGRI-2025-9202EC65,0,1,2025-10-15 18:04:06.538,2025-11-16 12:58:30.544,,
156,166,5,2025-10-23 15:20:42.616 +0300,2025-11-22 15:20:42.616 +0300,false,false,Trial,,0.00,TRY,,,0,0,2025-10-23 15:20:42.616 +0300,2025-10-23 15:20:42.616 +0300,Expired,,,true,2025-11-22 15:20:42.616 +0300,2025-10-23 15:20:42.616 +0300,2025-11-23 21:50:02.086 +0300,166,,false,,,,0,2,,,,
157,167,5,2025-10-23 18:16:27.010 +0300,2025-10-23 20:40:09.055 +0300,false,false,Trial,,0.00,TRY,,,0,0,2025-10-23 18:16:27.010 +0300,2025-10-23 18:16:27.010 +0300,Cancelled,,,true,2025-11-22 18:16:27.010 +0300,2025-10-23 18:16:27.010 +0300,,167,,false,,,,0,3,,,,
158,168,5,2025-10-23 18:27:13.665 +0300,2025-10-23 20:40:26.799 +0300,false,false,Trial,,0.00,TRY,,,0,0,2025-10-23 18:27:13.665 +0300,2025-10-23 18:27:13.665 +0300,Cancelled,,,true,2025-11-22 18:27:13.665 +0300,2025-10-23 18:27:13.665 +0300,,168,,false,,,,0,3,,,,
159,169,5,2025-10-23 18:27:20.880 +0300,2025-10-23 20:40:26.823 +0300,false,false,Trial,,0.00,TRY,,,0,0,2025-10-23 18:27:20.880 +0300,2025-10-23 18:27:20.880 +0300,Cancelled,,,true,2025-11-22 18:27:20.880 +0300,2025-10-23 18:27:20.880 +0300,,169,,false,,,,0,3,,,,
160,167,2,2025-10-23 18:40:08.572 +0300,2025-12-23 18:40:08.572 +0300,true,false,,,0.00,TRY,,,0,0,,,Active,,,false,,2025-10-23 18:40:08.572 +0300,,166,,false,,,TEST: Admin assigned S tier for testing,0,1,,2025-10-23 15:40:08.572,,
161,168,3,2025-10-23 20:39:31.902 +0300,2025-12-23 20:39:31.902 +0300,true,false,,,0.00,TRY,,,0,0,,,Active,,,false,,2025-10-23 20:39:31.902 +0300,,166,,false,,,TEST: Admin assigned M tier for 2 months testing,0,1,,2025-10-23 17:39:31.902,,
162,170,5,2025-10-26 20:21:37.120 +0300,2025-10-26 20:31:08.149 +0300,false,false,Trial,,0.00,TRY,,,0,0,2025-10-26 20:21:37.120 +0300,2025-10-26 20:21:37.120 +0300,Upgraded,,,true,2025-11-25 20:21:37.120 +0300,2025-10-26 20:21:37.120 +0300,2025-10-26 20:31:08.149 +0300,170,,false,,,,0,2,,,,
163,170,3,2025-10-26 20:31:08.169 +0300,2025-11-25 20:31:08.169 +0300,true,false,Sponsorship,AGRI-2025-36767AD6,0.00,TRY,,,5,0,,2025-11-01 03:00:00.000 +0300,Active,,,false,,2025-10-26 20:31:08.170 +0300,2025-11-03 14:55:38.572 +0300,,,true,159,945,Redeemed code: AGRI-2025-36767AD6,0,1,,2025-10-26 17:31:08.169,,
164,171,5,2025-10-28 12:38:09.729 +0300,2025-11-27 12:38:09.729 +0300,true,false,Trial,,0.00,TRY,,,0,0,2025-10-28 12:38:09.729 +0300,2025-10-28 12:38:09.729 +0300,Active,,,true,2025-11-27 12:38:09.729 +0300,2025-10-28 12:38:09.729 +0300,2025-10-28 12:39:19.581 +0300,171,,false,,,,0,1,,,,
165,172,5,2025-10-30 12:56:11.061 +0300,2025-11-29 12:56:11.061 +0300,true,false,Trial,,0.00,TRY,,,0,0,2025-10-31 10:31:16.290 +0300,2025-10-30 12:56:11.061 +0300,Active,,,true,2025-11-29 12:56:11.061 +0300,2025-10-30 12:56:11.061 +0300,2025-10-31 15:53:19.944 +0300,172,,false,,,,0,1,,,,
166,173,5,2025-10-31 15:56:01.814 +0300,2025-11-30 15:56:01.814 +0300,true,false,Trial,,0.00,TRY,,,0,0,2025-11-01 12:00:13.851 +0300,2025-11-01 03:00:00.000 +0300,Active,,,true,2025-11-30 15:56:01.814 +0300,2025-10-31 15:56:01.814 +0300,2025-11-01 12:00:14.054 +0300,173,,false,,,,0,1,,,,
167,174,5,2025-10-31 16:25:56.433 +0300,2025-11-30 16:25:56.433 +0300,true,false,Trial,,0.00,TRY,,,0,0,2025-11-03 16:54:01.646 +0300,2025-11-01 03:00:00.000 +0300,Active,,,true,2025-11-30 16:25:56.433 +0300,2025-10-31 16:25:56.433 +0300,2025-11-03 16:54:02.069 +0300,174,,false,,,,0,1,,,,
168,175,5,2025-10-31 16:43:24.349 +0300,2025-11-30 16:43:24.349 +0300,true,false,Trial,,0.00,TRY,,,0,0,2025-11-01 11:59:04.813 +0300,2025-11-01 03:00:00.000 +0300,Active,,,true,2025-11-30 16:43:24.349 +0300,2025-10-31 16:43:24.349 +0300,2025-11-01 13:02:42.786 +0300,175,,false,,,,0,1,,,,
169,176,5,2025-10-31 17:03:41.089 +0300,2025-11-30 17:03:41.089 +0300,true,false,Trial,,0.00,TRY,,,0,0,2025-11-01 11:57:38.113 +0300,2025-11-01 03:00:00.000 +0300,Active,,,true,2025-11-30 17:03:41.089 +0300,2025-10-31 17:03:41.089 +0300,2025-11-01 11:57:38.327 +0300,176,,false,,,,0,1,,,,
170,177,5,2025-10-31 17:50:13.740 +0300,2025-11-30 17:50:13.740 +0300,true,false,Trial,,0.00,TRY,,,0,0,2025-11-01 11:53:11.069 +0300,2025-11-01 03:00:00.000 +0300,Active,,,true,2025-11-30 17:50:13.740 +0300,2025-10-31 17:50:13.740 +0300,2025-11-01 11:57:11.124 +0300,177,,false,,,,0,1,,,,
171,178,5,2025-11-01 14:36:41.455 +0300,2025-11-01 14:59:08.076 +0300,false,false,Trial,,0.00,TRY,,,0,0,2025-11-01 14:36:41.455 +0300,2025-11-01 14:36:41.455 +0300,Upgraded,,,true,2025-12-01 14:36:41.455 +0300,2025-11-01 14:36:41.455 +0300,2025-11-01 14:59:08.076 +0300,178,,false,,,,0,2,,,,
172,178,2,2025-11-01 14:59:08.092 +0300,2025-12-01 14:59:08.092 +0300,true,false,Sponsorship,AGRI-2025-8959E63F,0.00,TRY,,,1,1,,2025-11-01 03:00:00.000 +0300,Active,,,false,,2025-11-01 14:59:08.092 +0300,2025-11-01 17:13:29.998 +0300,,,true,159,578,Redeemed code: AGRI-2025-8959E63F,10,1,,2025-11-01 11:59:08.092,,
173,179,5,2025-11-01 16:34:26.715 +0300,2025-12-01 16:34:26.715 +0300,true,false,Trial,,0.00,TRY,,,0,0,2025-11-01 16:34:26.715 +0300,2025-11-01 16:34:26.715 +0300,Active,,,true,2025-12-01 16:34:26.715 +0300,2025-11-01 16:34:26.715 +0300,2025-11-01 17:01:56.820 +0300,179,,false,,,,0,1,,,,
174,180,5,2025-11-01 16:54:14.907 +0300,2025-12-01 16:54:14.907 +0300,true,false,Trial,,0.00,TRY,,,0,0,2025-11-01 16:54:14.907 +0300,2025-11-01 16:54:14.907 +0300,Active,,,true,2025-12-01 16:54:14.907 +0300,2025-11-01 16:54:14.907 +0300,2025-11-01 16:54:17.877 +0300,180,,false,,,,0,1,,,,
175,181,5,2025-11-01 17:02:39.971 +0300,2025-11-07 16:27:25.104 +0300,false,false,Trial,,0.00,TRY,,,1,1,2025-11-01 17:02:39.971 +0300,2025-11-01 17:02:39.971 +0300,Cancelled,,,true,2025-12-01 17:02:39.971 +0300,2025-11-01 17:02:39.971 +0300,2025-11-01 17:03:13.195 +0300,181,,false,,,,0,3,,,,
176,165,5,2025-11-07 16:38:03.767 +0300,2026-11-07 16:38:03.767 +0300,true,false,,,0.00,TRY,,,0,0,,2025-11-01 03:00:00.000 +0300,Active,,,false,,2025-11-07 16:38:03.767 +0300,2025-11-15 17:17:52.246 +0300,166,,false,,,"165'e atadım",0,1,,2025-11-07 13:38:03.767,,
177,165,3,2025-11-07 18:35:09.534 +0300,2025-11-07 18:35:38.307 +0300,false,false,,,0.00,TRY,,,0,0,,,Cancelled,,,false,,2025-11-07 18:35:09.534 +0300,,166,,false,,,"",0,3,,2025-11-07 15:35:09.534,,
178,107,2,2025-11-07 18:50:31.962 +0300,2026-11-07 18:50:31.962 +0300,true,false,,,0.00,TRY,,,0,0,,,Active,,,false,,2025-11-07 18:50:31.962 +0300,,166,,true,159,,"159'dan Ayşe Kayaya",0,1,,2025-11-07 15:50:31.962,,
179,116,2,2025-11-10 14:38:13.020 +0300,2026-11-10 14:38:13.020 +0300,true,false,,,0.00,TRY,,,0,0,,2025-11-01 03:00:00.000 +0300,Active,,,false,,2025-11-10 14:38:13.020 +0300,2025-11-20 09:30:04.631 +0300,166,,false,,,admin S ataması,0,1,,2025-11-10 11:38:13.020,,
180,184,3,2025-11-10 18:06:07.183 +0300,2026-01-09 18:06:07.183 +0300,true,false,,,0.00,TRY,,,0,0,2025-11-10 18:06:07.183 +0300,2025-11-10 18:06:07.183 +0300,Active,,,false,,2025-11-10 17:35:06.768 +0300,2025-11-10 18:06:07.183 +0300,,,false,,,,0,1,,,,
181,182,3,2025-11-10 18:06:07.182 +0300,2025-12-10 18:06:07.182 +0300,true,false,,,0.00,TRY,,,0,0,2025-11-10 18:06:07.182 +0300,2025-11-10 18:06:07.182 +0300,Active,,,false,,2025-11-10 17:35:06.768 +0300,2025-11-10 18:06:07.182 +0300,,,false,,,,0,1,,,,
182,183,3,2025-11-10 18:06:07.182 +0300,2026-01-09 18:06:07.182 +0300,true,false,,,0.00,TRY,,,0,0,2025-11-10 18:06:07.182 +0300,2025-11-10 18:06:07.182 +0300,Active,,,false,,2025-11-10 17:35:06.768 +0300,2025-11-10 18:06:07.182 +0300,,,false,,,,0,1,,,,
183,186,2,2025-11-10 18:50:31.070 +0300,2026-01-09 18:50:31.070 +0300,true,false,,,0.00,TRY,,,0,0,2025-11-10 18:50:31.070 +0300,2025-11-10 18:50:31.070 +0300,Active,,,false,,2025-11-10 18:49:23.498 +0300,2025-11-10 18:50:31.070 +0300,,,false,,,,0,1,,,,
184,185,2,2025-11-10 18:50:31.070 +0300,2026-01-09 18:50:31.070 +0300,true,false,,,0.00,TRY,,,0,0,2025-11-10 18:50:31.070 +0300,2025-11-10 18:50:31.070 +0300,Active,,,false,,2025-11-10 18:49:23.498 +0300,2025-11-10 18:50:31.070 +0300,,,false,,,,0,1,,,,
185,187,2,2025-11-10 18:50:31.071 +0300,2025-12-10 18:50:31.071 +0300,true,false,,,0.00,TRY,,,0,0,2025-11-10 18:50:31.071 +0300,2025-11-10 18:50:31.071 +0300,Active,,,false,,2025-11-10 18:49:23.498 +0300,2025-11-10 18:50:54.436 +0300,,,false,,,,0,1,,,,
186,189,5,2025-11-22 10:18:42.718 +0300,2025-12-22 10:18:42.718 +0300,false,false,Trial,,0.00,TRY,,,0,0,2025-11-22 10:18:42.718 +0300,2025-11-22 10:18:42.718 +0300,Upgraded,Upgraded to paid subscription via payment transaction 22,2025-11-22 20:50:14.102 +0300,true,2025-12-22 10:18:42.718 +0300,2025-11-22 10:18:42.718 +0300,2025-11-22 20:50:14.102 +0300,189,,false,,,,0,1,,,,
187,189,2,2025-11-22 20:50:14.118 +0300,2025-12-22 20:50:14.118 +0300,true,false,CreditCard,"27670281",299.99,TRY,2025-11-22 20:50:14.119 +0300,,0,1,2025-11-24 07:17:05.798 +0300,2025-11-22 20:50:14.118 +0300,Active,,,false,,2025-11-22 20:50:14.119 +0300,2025-11-24 07:57:25.030 +0300,,,false,,,,0,1,,2025-11-22 17:50:14.118,,22
188,189,1,2025-11-23 21:46:31.547 +0300,2025-12-23 21:46:31.547 +0300,true,false,Sponsorship,AGRI-2025-97058A8D,0.00,TRY,,,0,0,,,Active,,,false,,2025-11-23 21:46:31.547 +0300,,,,true,159,1880,Redeemed code: AGRI-2025-97058A8D,0,1,,2025-11-23 18:46:31.547,,
189,189,2,2025-11-24 07:17:15.250 +0300,2025-12-24 07:17:15.250 +0300,true,false,Sponsorship,AGRI-2025-674480E1,0.00,TRY,,,0,0,,,Active,,,false,,2025-11-24 07:17:15.250 +0300,,,,true,159,1878,Redeemed code: AGRI-2025-674480E1,0,1,,2025-11-24 04:17:15.250,,
190,189,4,2025-11-24 07:34:22.268 +0300,2025-12-24 07:34:22.268 +0300,true,false,Sponsorship,AGRI-2025-1466C5F1,0.00,TRY,,,0,0,,,Active,,,false,,2025-11-24 07:34:22.268 +0300,,,,true,159,1828,Redeemed code: AGRI-2025-1466C5F1,0,1,,2025-11-24 04:34:22.268,,
